{"r_squared": 0.8454285057580838, "rmse": 3.467547370834157}