{"r_squared": 0.5304955853447347, "rmse": 6.453417858484236}