{"r_squared": 0.6248860795918907, "rmse": 5.768349113387586}