{"r_squared": 0.5783860230147171, "rmse": 6.080213049563556}