{"r_squared": 0.8642449349020636, "rmse": 3.24964351270427}